Workbook

Sheet README
A1: Simple Store Sales Analysis (Excel)
A3: Goal: find which regions, categories and months bring in the most revenue.
A5: Sheets in this workbook
A6: 1. Data - 120 sample orders (revenue is calculated with a formula).
A7: 2. Analysis - summary tables built with SUMIFS, COUNTIFS, AVERAGE and INDEX/MATCH.
A8: 3. Dashboard - KPI cards, auto-updating insights and 3 charts.
A10: Data note
A11: All data is fictional and was created for this practice project. It is not copied from any company, website or dataset, so you can use it freely.
A13: Excel skills used
A14: Formulas, SUMIFS, COUNTIFS, INDEX/MATCH, MAX, Tables/formatting, Bar/Line/Pie charts.
A16: Try it yourself
A17: - Change a Quantity or Unit Price on the Data sheet and watch the Dashboard update.
A18: - Insert a PivotTable from the Data sheet (Insert > PivotTable) and compare it with the Analysis sheet.

Sheet Dashboard
A1: Store Sales Dashboard - 2025
A3: Total Revenue | C3: Total Orders | E3: Avg Order Value | G3: Units Sold
A4: =SUM(Data!$H$2:$H$121) -> 204970 | C4: =COUNTA(Data!$A$2:$A$121) -> 120 | E4: =AVERAGE(Data!$H$2:$H$121) -> 1708.0833 | G4: =SUM(Data!$F$2:$F$121) -> 537
A6: Key Insights (update automatically)
A7: ="Top region: "&INDEX(Analysis!$A$4:$A$7,MATCH(MAX(Analysis!$B$4:$B$7),Analysis!$B$4:$B$7,0))&" ("&TEXT(MAX(Analysis!$D$4:$D$7),"0.0%")&" of revenue)" -> Top region: West (31.5% of revenue)
A8: ="Top category: "&INDEX(Analysis!$A$11:$A$14,MATCH(MAX(Analysis!$B$11:$B$14),Analysis!$B$11:$B$14,0)) -> Top category: Home
A9: ="Best month: "&INDEX(Analysis!$A$18:$A$29,MATCH(MAX(Analysis!$C$18:$C$29),Analysis!$C$18:$C$29,0)) -> Best month: Sep
A10: ="Weakest month: "&INDEX(Analysis!$A$18:$A$29,MATCH(MIN(Analysis!$C$18:$C$29),Analysis!$C$18:$C$29,0)) -> Weakest month: Jan

Sheet Data
A1: Order ID | B1: Date | C1: Region | D1: Category | E1: Product | F1: Quantity | G1: Unit Price | H1: Revenue | I1: Month | K1: Notes
A2: ORD1002 | B2: 45658 | C2: North | D2: Snacks | E2: Tea Pack | F2: 6 | G2: 190 | H2: =F2*G2 -> 1140 | I2: =MONTH(B2) -> 1 | K2: Unit Price is in rupees (assumed currency for this practice data).
A3: ORD1003 | B3: 45658 | C3: North | D3: Gadgets | E3: Phone Stand | F3: 8 | G3: 400 | H3: =F3*G3 -> 3200 | I3: =MONTH(B3) -> 1 | K3: Revenue = Quantity x Unit Price. Month = month number from Date.
A4: ORD1004 | B4: 45672 | C4: East | D4: Gadgets | E4: USB Cable | F4: 4 | G4: 250 | H4: =F4*G4 -> 1000 | I4: =MONTH(B4) -> 1
A5: ORD1005 | B5: 45675 | C5: East | D5: Gadgets | E5: USB Cable | F5: 3 | G5: 250 | H5: =F5*G5 -> 750 | I5: =MONTH(B5) -> 1
A6: ORD1006 | B6: 45677 | C6: West | D6: Stationery | E6: Pen Pack | F6: 2 | G6: 120 | H6: =F6*G6 -> 240 | I6: =MONTH(B6) -> 1
A7: ORD1007 | B7: 45683 | C7: South | D7: Snacks | E7: Granola Bar Box | F7: 5 | G7: 280 | H7: =F7*G7 -> 1400 | I7: =MONTH(B7) -> 1
A8: ORD1008 | B8: 45689 | C8: West | D8: Gadgets | E8: Earphones | F8: 5 | G8: 900 | H8: =F8*G8 -> 4500 | I8: =MONTH(B8) -> 2
A9: ORD1009 | B9: 45689 | C9: South | D9: Snacks | E9: Granola Bar Box | F9: 8 | G9: 280 | H9: =F9*G9 -> 2240 | I9: =MONTH(B9) -> 2
A10: ORD1010 | B10: 45689 | C10: West | D10: Gadgets | E10: Phone Stand | F10: 3 | G10: 400 | H10: =F10*G10 -> 1200 | I10: =MONTH(B10) -> 2
A11: ORD1011 | B11: 45693 | C11: West | D11: Stationery | E11: Pen Pack | F11: 2 | G11: 120 | H11: =F11*G11 -> 240 | I11: =MONTH(B11) -> 2
A12: ORD1012 | B12: 45695 | C12: North | D12: Gadgets | E12: USB Cable | F12: 5 | G12: 250 | H12: =F12*G12 -> 1250 | I12: =MONTH(B12) -> 2
A13: ORD1013 | B13: 45699 | C13: West | D13: Gadgets | E13: Earphones | F13: 6 | G13: 900 | H13: =F13*G13 -> 5400 | I13: =MONTH(B13) -> 2
A14: ORD1014 | B14: 45700 | C14: East | D14: Snacks | E14: Granola Bar Box | F14: 2 | G14: 280 | H14: =F14*G14 -> 560 | I14: =MONTH(B14) -> 2
A15: ORD1015 | B15: 45701 | C15: North | D15: Gadgets | E15: Phone Stand | F15: 3 | G15: 400 | H15: =F15*G15 -> 1200 | I15: =MONTH(B15) -> 2
... A121: ORD1121 | B121: 46019 | C121: West | D121: Home | E121: Table Lamp | F121: 4 | G121: 1100 | H121: =F121*G121 -> 4400 | I121: =MONTH(B121) -> 12

Sheet Analysis
A1: Summary Tables (all formulas)
A3: Region | B3: Revenue | C3: Orders | D3: Share %
A4: North | B4: =SUMIFS(Data!$H$2:$H$121,Data!$C$2:$C$121,A4) -> 46510 | C4: =COUNTIFS(Data!$C$2:$C$121,A4) -> 32 | D4: =B4/SUM($B$4:$B$7) -> 0.22691126
A5: South | B5: =SUMIFS(Data!$H$2:$H$121,Data!$C$2:$C$121,A5) -> 54880 | C5: =COUNTIFS(Data!$C$2:$C$121,A5) -> 34 | D5: =B5/SUM($B$4:$B$7) -> 0.2677465
A6: East | B6: =SUMIFS(Data!$H$2:$H$121,Data!$C$2:$C$121,A6) -> 39010 | C6: =COUNTIFS(Data!$C$2:$C$121,A6) -> 21 | D6: =B6/SUM($B$4:$B$7) -> 0.19032053
A7: West | B7: =SUMIFS(Data!$H$2:$H$121,Data!$C$2:$C$121,A7) -> 64570 | C7: =COUNTIFS(Data!$C$2:$C$121,A7) -> 33 | D7: =B7/SUM($B$4:$B$7) -> 0.31502171
A10: Category | B10: Revenue | C10: Orders | D10: Share %
A11: Stationery | B11: =SUMIFS(Data!$H$2:$H$121,Data!$D$2:$D$121,A11) -> 22590 | C11: =COUNTIFS(Data!$D$2:$D$121,A11) -> 30 | D11: =B11/SUM($B$11:$B$14) -> 0.11021125
A12: Snacks | B12: =SUMIFS(Data!$H$2:$H$121,Data!$D$2:$D$121,A12) -> 29130 | C12: =COUNTIFS(Data!$D$2:$D$121,A12) -> 29 | D12: =B12/SUM($B$11:$B$14) -> 0.14211836
A13: Gadgets | B13: =SUMIFS(Data!$H$2:$H$121,Data!$D$2:$D$121,A13) -> 75600 | C13: =COUNTIFS(Data!$D$2:$D$121,A13) -> 38 | D13: =B13/SUM($B$11:$B$14) -> 0.36883446
A14: Home | B14: =SUMIFS(Data!$H$2:$H$121,Data!$D$2:$D$121,A14) -> 77650 | C14: =COUNTIFS(Data!$D$2:$D$121,A14) -> 23 | D14: =B14/SUM($B$11:$B$14) -> 0.37883593
A17: Month | B17: Month No. | C17: Revenue | D17: Orders
A18: Jan | B18: 1 | C18: =SUMIFS(Data!$H$2:$H$121,Data!$I$2:$I$121,B18) -> 7730 | D18: =COUNTIFS(Data!$I$2:$I$121,B18) -> 6
A19: Feb | B19: 2 | C19: =SUMIFS(Data!$H$2:$H$121,Data!$I$2:$I$121,B19) -> 27450 | D19: =COUNTIFS(Data!$I$2:$I$121,B19) -> 13
A20: Mar | B20: 3 | C20: =SUMIFS(Data!$H$2:$H$121,Data!$I$2:$I$121,B20) -> 19700 | D20: =COUNTIFS(Data!$I$2:$I$121,B20) -> 14
A21: Apr | B21: 4 | C21: =SUMIFS(Data!$H$2:$H$121,Data!$I$2:$I$121,B21) -> 11930 | D21: =COUNTIFS(Data!$I$2:$I$121,B21) -> 6
A22: May | B22: 5 | C22: =SUMIFS(Data!$H$2:$H$121,Data!$I$2:$I$121,B22) -> 15360 | D22: =COUNTIFS(Data!$I$2:$I$121,B22) -> 10
A23: Jun | B23: 6 | C23: =SUMIFS(Data!$H$2:$H$121,Data!$I$2:$I$121,B23) -> 13990 | D23: =COUNTIFS(Data!$I$2:$I$121,B23) -> 6
A24: Jul | B24: 7 | C24: =SUMIFS(Data!$H$2:$H$121,Data!$I$2:$I$121,B24) -> 18130 | D24: =COUNTIFS(Data!$I$2:$I$121,B24) -> 10
A25: Aug | B25: 8 | C25: =SUMIFS(Data!$H$2:$H$121,Data!$I$2:$I$121,B25) -> 9960 | D25: =COUNTIFS(Data!$I$2:$I$121,B25) -> 8
A26: Sep | B26: 9 | C26: =SUMIFS(Data!$H$2:$H$121,Data!$I$2:$I$121,B26) -> 31890 | D26: =COUNTIFS(Data!$I$2:$I$121,B26) -> 16
A27: Oct | B27: 10 | C27: =SUMIFS(Data!$H$2:$H$121,Data!$I$2:$I$121,B27) -> 10340 | D27: =COUNTIFS(Data!$I$2:$I$121,B27) -> 9
A28: Nov | B28: 11 | C28: =SUMIFS(Data!$H$2:$H$121,Data!$I$2:$I$121,B28) -> 11450 | D28: =COUNTIFS(Data!$I$2:$I$121,B28) -> 10
A29: Dec | B29: 12 | C29: =SUMIFS(Data!$H$2:$H$121,Data!$I$2:$I$121,B29) -> 27040 | D29: =COUNTIFS(Data!$I$2:$I$121,B29) -> 12
